﻿Designator,Footprint,Quantity,Value,LCSC Part #
"AH1, BH1, CH1",IPD70P04P4L08ATMA2,3,IPD70P,
"AL1, BL1, CL1",IPB70N12S311ATMA1,3,IPD70N,
"C1, C15",0805,2,1u,
"C10, C11, C12, C13, C14, C2, C3, C4, C9",0805,9,100n,
C16,0805,1,C,
C5,0805,1,10u,
C6,0805,1,100u,
"C7, C8",0805,2,15p,
CR1,DIP-8_STM,1,LM211N,
IC1,W25Q,1,W25Q16JVSNIQ,
J1,TerminalBlock_Altech_AK300-3_P5.00mm,1,Terminal,
J2,MOLEX_2137160001 USB-C,1,2137160001,
J3,AMASS_XT60-M,1,XT60-M,
"J4, J5",JST_PH_S3B-PH-K_1x03_P2.00mm_Horizontal,2,Conn_01x03_Pin,
J6,JST_PH_S2B-PH-K_1x02_P2.00mm_Horizontal,1,Conn_01x02_Pin,
"Q1, Q10, Q11, Q12, Q2, Q3",SOT-23,6,BC857,
"Q13, Q14, Q15, Q4, Q5, Q6, Q7, Q8, Q9",SOT-23,9,BC847,
"R1, R10, R11, R12, R13, R14, R15, R16, R2, R25, R27, R3, R4, R5, R6, R7, R8, R9",0805,18,1k,
"R17, R18",0805,2,5k1,
"R19, R20",0805,2,27,
"R21, R22, R23, R24",0805,4,33k,
R26,0805,1,10k,
"S1, S2",431183015816,2,431183015816,
U1,QFN-56-1EP_7x7mm_P0.4mm_EP3.2x3.2mm,1,RP2040,
U2,SOT-223-3_TabPin2,1,LD1117S33TR_SOT223,
X1,ABM8-272-T3_ABR,1,ABM8-272-T3,
